sha256	path
A62A4784FFD5EDBB38D8C2AE878AA7EC10481569B205F814F684B375D2F6AF56	PHASE6\PHASE6_LOCK.md
EE482CFEFBFE7B5FD3257BC2F3092DA4924A52D73B3DD42B1A0DAE27CFCCBB90	PHASE6\PHASE6_SCOPE.md
0EE90ED34B2078D3AEEABB8A879113B0E1ABC7BF6F917131CE1E9DB233B7C359	PHASE6\INPUT_CONTRACT.md
A6AB4C18266F056A00E435CA10E4B51BB934CB109E1416DF6965EC26D2078658	PHASE6\OUTPUT_TARGETS.md
95915751328D59D47F408712B5C89ECC5D0D1ABD701CA9B0021F6222AA20A96A	PHASE6\RISK_SCORING_PHILOSOPHY.md
34CDC0BF40F7CE01F113D7D5FA78837B0859B75CCAA2F74E732F9F4B6699B499	PHASE6\SCORING_CONFIG_v1.json
6AAE2C3CE2D1DB2BCF42B5F77CC9512B3104E5E8EFEBDB359C0AF68FFAF08F61	PHASE6\SYSTEM_SNAPSHOT_ADDENDUM_PHASE7_PHASE8.md
A9F51FA22B602B897CDEDE96B62708C8CF0E470CF9340DCEA5BB4890AD89A3D4	PHASE7\PHASE7_CONCEPT.md
3B8BC63260F7DB555779B55973FCAE9858BBE3120FC7B3FBEDC8FC0A35134203	PHASE7\PHASE7_DATA_MODEL.md
6B9D226C48259C8AB1E28BC6B2A4170F242A122F2C1846C253974183E81BB4ED	PHASE7\PHASE7_ROADMAP.md
57D57D29336B901BA939A01AB88983068627BE58FBD32A0CEFEEBA7FC3DAFF2D	PHASE8\PHASE8_SPEC.md
B7616AC282641D5251E37754E99113A6038D2686D6D3C7B1F459216CC75960F4	ROADMAP.md
F3943AB6B768A10B1F426346818CEC2106127372FA869649402481049734EAA3	APP\phase6_runner.py
A9059AC308B8D87EA9B29F8BCA1E50F1EC569142336BCF990D60EB2A98C8946D	ENGINE\phase7\build_enrichment_from_answers_stub_v1.py
